{"lr": 0.00010000821247868228, "data_time": 1.4808732509613036, "grad_norm": 15.238514003753663, "loss": 3.0211439990997313, "loss_cls": 1.0044683611392975, "loss_bbox": 1.879046800136566, "loss_dir": 0.13762883618474006, "time": 1.9009448385238648, "epoch": 1, "iter": 50, "memory": 897, "step": 50}
{"lr": 0.00010003352342732408, "data_time": 0.01411142349243164, "grad_norm": 11.737657251358032, "loss": 2.712219352722168, "loss_cls": 0.8567982947826386, "loss_bbox": 1.717158055305481, "loss_dir": 0.1382630042731762, "time": 0.391728138923645, "epoch": 1, "iter": 100, "memory": 878, "step": 100}
{"lr": 0.00010007593530443647, "data_time": 0.005784444808959961, "grad_norm": 9.939429063796997, "loss": 2.4748365259170533, "loss_cls": 0.7799222052097321, "loss_bbox": 1.559740116596222, "loss_dir": 0.13517420575022698, "time": 0.35083565711975095, "epoch": 1, "iter": 150, "memory": 888, "step": 150}
{"lr": 0.00010013544649816039, "data_time": 0.005233082771301269, "grad_norm": 8.791681146621704, "loss": 2.433814067840576, "loss_cls": 0.7372113370895386, "loss_bbox": 1.5610154891014099, "loss_dir": 0.13558725774288177, "time": 0.36985346794128415, "epoch": 1, "iter": 200, "memory": 881, "step": 200}
{"lr": 0.00010021205474677929, "data_time": 0.004695224761962891, "grad_norm": 8.236240797042846, "loss": 2.3162768507003784, "loss_cls": 0.7063032698631286, "loss_bbox": 1.4748518252372742, "loss_dir": 0.1351217596232891, "time": 0.35010714530944825, "epoch": 1, "iter": 250, "memory": 888, "step": 250}
{"lr": 0.00010030575713880485, "data_time": 0.005316643714904785, "grad_norm": 8.030163297653198, "loss": 2.2155455255508425, "loss_cls": 0.6759560167789459, "loss_bbox": 1.4047465109825135, "loss_dir": 0.13484301537275314, "time": 0.36504889011383057, "epoch": 1, "iter": 300, "memory": 893, "step": 300}
{"lr": 0.00010041655011308788, "data_time": 0.005068621635437012, "grad_norm": 8.421166133880615, "loss": 2.136111702919006, "loss_cls": 0.6500616610050202, "loss_bbox": 1.3514326643943786, "loss_dir": 0.13461736992001533, "time": 0.36858425140380857, "epoch": 1, "iter": 350, "memory": 885, "step": 350}
{"lr": 0.00010054442945895293, "data_time": 0.005079116821289063, "grad_norm": 8.866979970932007, "loss": 2.014976086616516, "loss_cls": 0.5971481204032898, "loss_bbox": 1.2847042655944825, "loss_dir": 0.13312369763851165, "time": 0.37496865272521973, "epoch": 1, "iter": 400, "memory": 877, "step": 400}
{"lr": 0.00010068939031635871, "data_time": 0.0048491287231445315, "grad_norm": 10.121449909210206, "loss": 1.9541877341270446, "loss_cls": 0.5764319896697998, "loss_bbox": 1.2450015044212341, "loss_dir": 0.13275422558188438, "time": 0.34431532859802244, "epoch": 1, "iter": 450, "memory": 891, "step": 450}
{"lr": 0.00010085142717608248, "data_time": 0.005623874664306641, "grad_norm": 10.792087230682373, "loss": 1.8721400809288025, "loss_cls": 0.557786523103714, "loss_bbox": 1.1800477957725526, "loss_dir": 0.13430575430393218, "time": 0.36142849922180176, "epoch": 1, "iter": 500, "memory": 887, "step": 500}
{"lr": 0.00010103053387993202, "data_time": 0.005333037376403809, "grad_norm": 10.586648263931274, "loss": 1.8076951432228088, "loss_cls": 0.5536489617824555, "loss_bbox": 1.122080715894699, "loss_dir": 0.13196545451879502, "time": 0.36534939765930174, "epoch": 1, "iter": 550, "memory": 872, "step": 550}
{"lr": 0.0001012267036209748, "data_time": 0.006052937507629395, "grad_norm": 11.427435932159424, "loss": 1.7226149892807008, "loss_cls": 0.5379866236448287, "loss_bbox": 1.0506395137310027, "loss_dir": 0.13398884877562522, "time": 0.3720310068130493, "epoch": 1, "iter": 600, "memory": 877, "step": 600}
{"Carla metric/pred_instances_3d/KITTI/Car_3D_AP11_easy_strict": 0.0529, "Carla metric/pred_instances_3d/KITTI/Car_3D_AP11_moderate_strict": 0.0529, "Carla metric/pred_instances_3d/KITTI/Car_3D_AP11_hard_strict": 0.0529, "Carla metric/pred_instances_3d/KITTI/Car_3D_AP11_easy_loose": 5.4236, "Carla metric/pred_instances_3d/KITTI/Car_3D_AP11_moderate_loose": 5.4236, "Carla metric/pred_instances_3d/KITTI/Car_3D_AP11_hard_loose": 5.4236, "Carla metric/pred_instances_3d/KITTI/Pedestrian_3D_AP11_easy_strict": 0.0, "Carla metric/pred_instances_3d/KITTI/Pedestrian_3D_AP11_moderate_strict": 0.0, "Carla metric/pred_instances_3d/KITTI/Pedestrian_3D_AP11_hard_strict": 0.0, "Carla metric/pred_instances_3d/KITTI/Pedestrian_3D_AP11_easy_loose": 0.0, "Carla metric/pred_instances_3d/KITTI/Pedestrian_3D_AP11_moderate_loose": 0.0, "Carla metric/pred_instances_3d/KITTI/Pedestrian_3D_AP11_hard_loose": 0.0, "Carla metric/pred_instances_3d/KITTI/Cyclist_3D_AP11_easy_strict": 0.2755, "Carla metric/pred_instances_3d/KITTI/Cyclist_3D_AP11_moderate_strict": 0.2755, "Carla metric/pred_instances_3d/KITTI/Cyclist_3D_AP11_hard_strict": 0.2755, "Carla metric/pred_instances_3d/KITTI/Cyclist_3D_AP11_easy_loose": 0.551, "Carla metric/pred_instances_3d/KITTI/Cyclist_3D_AP11_moderate_loose": 0.551, "Carla metric/pred_instances_3d/KITTI/Cyclist_3D_AP11_hard_loose": 0.551, "Carla metric/pred_instances_3d/KITTI/Overall_3D_AP11_easy": 0.1094, "Carla metric/pred_instances_3d/KITTI/Overall_3D_AP11_moderate": 0.1094, "Carla metric/pred_instances_3d/KITTI/Overall_3D_AP11_hard": 0.1094, "Carla metric/pred_instances_3d/KITTI/Car_3D_AP40_easy_strict": 0.0145, "Carla metric/pred_instances_3d/KITTI/Car_3D_AP40_moderate_strict": 0.0145, "Carla metric/pred_instances_3d/KITTI/Car_3D_AP40_hard_strict": 0.0145, "Carla metric/pred_instances_3d/KITTI/Car_3D_AP40_easy_loose": 1.1738, "Carla metric/pred_instances_3d/KITTI/Car_3D_AP40_moderate_loose": 1.1738, "Carla metric/pred_instances_3d/KITTI/Car_3D_AP40_hard_loose": 1.1738, "Carla metric/pred_instances_3d/KITTI/Pedestrian_3D_AP40_easy_strict": 0.0, "Carla metric/pred_instances_3d/KITTI/Pedestrian_3D_AP40_moderate_strict": 0.0, "Carla metric/pred_instances_3d/KITTI/Pedestrian_3D_AP40_hard_strict": 0.0, "Carla metric/pred_instances_3d/KITTI/Pedestrian_3D_AP40_easy_loose": 0.0, "Carla metric/pred_instances_3d/KITTI/Pedestrian_3D_AP40_moderate_loose": 0.0, "Carla metric/pred_instances_3d/KITTI/Pedestrian_3D_AP40_hard_loose": 0.0, "Carla metric/pred_instances_3d/KITTI/Cyclist_3D_AP40_easy_strict": 0.0, "Carla metric/pred_instances_3d/KITTI/Cyclist_3D_AP40_moderate_strict": 0.0, "Carla metric/pred_instances_3d/KITTI/Cyclist_3D_AP40_hard_strict": 0.0, "Carla metric/pred_instances_3d/KITTI/Cyclist_3D_AP40_easy_loose": 0.1515, "Carla metric/pred_instances_3d/KITTI/Cyclist_3D_AP40_moderate_loose": 0.1515, "Carla metric/pred_instances_3d/KITTI/Cyclist_3D_AP40_hard_loose": 0.1515, "Carla metric/pred_instances_3d/KITTI/Overall_3D_AP40_easy": 0.0048, "Carla metric/pred_instances_3d/KITTI/Overall_3D_AP40_moderate": 0.0048, "Carla metric/pred_instances_3d/KITTI/Overall_3D_AP40_hard": 0.0048, "data_time": 0.018429045938741305, "time": 0.0487841327482135, "step": 1}
{"lr": 0.00010160869132605748, "data_time": 0.028966131210327147, "grad_norm": 11.833125066757201, "loss": 1.6359059047698974, "loss_cls": 0.5167954391241074, "loss_bbox": 0.9866066503524781, "loss_dir": 0.13250380590558053, "time": 0.36085318088531493, "epoch": 2, "iter": 687, "memory": 869, "step": 687}
