{"labels_3d": [0, 0, 0, 0, 0, 0, 0, 0, 0, 0], "scores_3d": [0.9750319123268127, 0.968176007270813, 0.9457359910011292, 0.8904551267623901, 0.8889732956886292, 0.7712081074714661, 0.7554474472999573, 0.7058888077735901, 0.5796037316322327, 0.4417421817779541], "bboxes_3d": [[14.758358001708984, -1.0538208484649658, -1.558962106704712, 3.7562527656555176, 1.6059751510620117, 1.558718204498291, -0.31309258937835693], [6.437827110290527, -3.8678970336914062, -1.7354445457458496, 3.1476027965545654, 1.4598557949066162, 1.4284149408340454, -0.2996706962585449], [8.1122465133667, 1.2169711589813232, -1.633988857269287, 3.6663286685943604, 1.5731128454208374, 1.5915478467941284, 2.8161818981170654], [20.169815063476562, -8.431066513061523, -1.6690775156021118, 2.3815901279449463, 1.5175892114639282, 1.5694245100021362, -0.3255056142807007], [33.45586395263672, -7.035797595977783, -1.3376078605651855, 4.214127540588379, 1.7446202039718628, 1.6696597337722778, 2.828476667404175], [55.62160873413086, -20.328807830810547, -1.377087116241455, 4.370497703552246, 1.7359745502471924, 1.7067784070968628, 2.8503031730651855], [3.638274908065796, 2.7380855083465576, -1.6891670227050781, 3.7205231189727783, 1.5819661617279053, 1.5178041458129883, -0.2304767370223999], [25.04045867919922, -10.15648078918457, -1.6325454711914062, 3.7389578819274902, 1.6085045337677002, 1.4840214252471924, -0.3298457860946655], [28.725322723388672, -1.5524866580963135, -1.2017271518707275, 3.6939046382904053, 1.5429328680038452, 1.560895323753357, 1.241655945777893], [40.87089920043945, -9.748839378356934, -1.3668365478515625, 3.8332817554473877, 1.6529909372329712, 1.5704303979873657, -0.28816545009613037]], "box_type_3d": "LiDAR"}